Name,LogT1/2,Label
DB08903,3.597695186,1
DB00869,3.459392488,1
CID5282375,3.459392488,1
DB01194,3.42553422,1
DB00947,2.982271233,1
DB04786,2.936513742,1
DB01611,2.929418926,1
CID72271,2.897627091,1
CID132977,2.86332286,1
CID122262,2.746634199,1
DB00169,2.702430536,1
DB00358,2.681241237,1
DB05294,2.658964843,1
DB04841,2.635483747,1
DB00648,2.635483747,1
DB01118,2.62324929,1
DB00608,2.610660163,1
CID3805581,2.557266529,1
DB00165,2.556302501,1
DB08880,2.526339277,1
DB01097,2.526339277,1
DB01541,2.526339277,1
CID23718384,2.460145817,1
DB00707,2.421603927,1
DB00845,2.380211242,1
DB00146,2.357934847,1
DB01511,2.301029996,1
DB00293,2.29666519,1
DB01396,2.255272505,1
DB00675,2.255272505,1
DB01218,2.225309282,1
CID16132315,2.176091259,1
DB00539,2.170261715,1
DB00451,2.158362492,1
DB00984,2.158362492,1
DB08868,2.158362492,1
DB06155,2.158362492,1
DB00205,2.146128036,1
DB01128,2.1430148,1
DB04911,2.13289977,1
DB00442,2.10720997,1
CID10461508,2.103803721,1
CID60917,2.08278537,1
DB01103,2.079181246,1
DB00946,2.079181246,1
DB01409,2.079181246,1
CID10077130,2.079181246,1
DB00882,2.079181246,1
DB01126,2.079181246,1
DB06708,2.033423755,1
CID9911830,2.033423755,1
DB08883,2.021189299,1
DB08882,2,1
DB00237,2,1
CID4261,1.999565488,1
DB01174,1.995635195,1
DB01299,1.982271233,1
DB08828,1.982271233,1
DB06731,1.982271233,1
DB08911,1.971275849,1
DB00628,1.968482949,1
CID66550890,1.959041392,1
DB00934,1.954242509,1
DB00159,1.949390007,1
DB04961,1.913813852,1
CID21549155,1.908485019,1
CID6433117,1.903089987,1
CID6451149,1.903089987,1
CID9571004,1.897627091,1
DB01238,1.875061263,1
CID11511120,1.863917377,1
DB00812,1.857332496,1
DB06144,1.857332496,1
DB03585,1.857332496,1
DB01043,1.84509804,1
CID44224257,1.841984805,1
CID11284169,1.833784375,1
DB08899,1.827369273,1
CID9966051,1.819543936,1
DB01553,1.812913357,1
DB00843,1.81190998,1
DB00248,1.799340549,1
DB00909,1.799340549,1
DB01117,1.795880017,1
DB00877,1.794488047,1
CID54048333,1.77815125,1
DB00279,1.77815125,1
DB00735,1.77815125,1
DB05062,1.77815125,1
DB00469,1.770852012,1
CID208952,1.770852012,1
CID54678924,1.768638101,1
DB01394,1.763427994,1
CID89657,1.763427994,1
CID4330618,1.752048448,1
DB06581,1.750508395,1
CID23479,1.748188027,1
DB08875,1.740362689,1
DB01100,1.740362689,1
DB00991,1.739572344,1
DB00344,1.73239376,1
DB00348,1.73239376,1
DB05316,1.73239376,1
CID162558,1.73239376,1
DB00238,1.72427587,1
DB00472,1.72427587,1
DB01204,1.72427587,1
DB01591,1.716003344,1
CID24989044,1.713490543,1
CID10090750,1.7084209,1
DB01545,1.707570176,1
DB04933,1.707570176,1
CID9939609,1.700703717,1
CID23634407,1.700703717,1
CID11556427,1.699837726,1
DB08893,1.698970004,1
DB01133,1.698970004,1
DB01217,1.698970004,1
DB05007,1.698970004,1
CID156420,1.698970004,1
CID24946690,1.693726949,1
DB00459,1.69019608,1
CID60741,1.69019608,1
DB01119,1.681241237,1
DB00560,1.681241237,1
DB00566,1.681241237,1
DB01074,1.681241237,1
DB00664,1.681241237,1
DB00317,1.681241237,1
DB05129,1.681241237,1
DB00625,1.67669361,1
CID4951,1.67669361,1
CID25099191,1.67669361,1
CID67505836,1.673941999,1
DB00310,1.672097858,1
DB00672,1.662757832,1
CID2997,1.662757832,1
CID56928089,1.654176542,1
DB00593,1.653212514,1
DB00615,1.653212514,1
DB01340,1.653212514,1
DB01006,1.653212514,1
CID219022,1.653212514,1
CID208901,1.653212514,1
CID444008,1.653212514,1
CID17755248,1.651278014,1
DB01265,1.648360011,1
DB05109,1.643452676,1
DB00811,1.639486489,1
CID16222096,1.62838893,1
CID86278354,1.627365857,1
DB08865,1.62324929,1
CID5281051,1.62324929,1
DB06414,1.612783857,1
CID57379345,1.612783857,1
DB06772,1.612783857,1
CID46843057,1.610660163,1
CID10302451,1.610660163,1
CID42642645,1.607455023,1
CID46780387,1.607455023,1
DB00207,1.602059991,1
DB00362,1.602059991,1
DB04839,1.602059991,1
DB01268,1.602059991,1
DB01556,1.602059991,1
CID4166,1.602059991,1
CID9880,1.602059991,1
CID9869737,1.602059991,1
DB08827,1.598790507,1
DB00381,1.591064607,1
DB00390,1.591064607,1
DB01589,1.591064607,1
DB00377,1.591064607,1
CID5462501,1.591064607,1
DB08864,1.579783597,1
DB00665,1.579783597,1
DB01407,1.574031268,1
CID25134326,1.571708832,1
CID108222,1.57054294,1
DB00682,1.568201724,1
DB08916,1.568201724,1
DB01353,1.568201724,1
DB01244,1.568201724,1
CID6918837,1.568201724,1
DB00530,1.558708571,1
DB00245,1.556302501,1
DB00228,1.556302501,1
DB00970,1.556302501,1
DB01170,1.556302501,1
DB00933,1.556302501,1
DB01078,1.556302501,1
DB01247,1.556302501,1
DB01106,1.556302501,1
DB00857,1.556302501,1
DB04833,1.556302501,1
CID9874592,1.556302501,1
CID49836058,1.550228353,1
CID11285791,1.545307116,1
DB00309,1.544068044,1
DB01012,1.544068044,1
DB06589,1.544068044,1
DB01091,1.544068044,1
DB00241,1.544068044,1
CID53398674,1.544068044,1
DB00396,1.541579244,1
CID9823820,1.537819095,1
DB00351,1.531478917,1
DB00849,1.531478917,1
CID18726,1.531478917,1
CID9324,1.531478917,1
CID6420504,1.531478917,1
CID101524,1.530199698,1
DB00206,1.51851394,1
DB00470,1.51851394,1
CID54677972,1.51851394,1
CID6851740,1.51851394,1
DB01348,1.511883361,1
CID74441062,1.511883361,1
DB05366,1.51054501,1
CID15984937,1.507855872,1
DB00196,1.505149978,1
DB00924,1.505149978,1
CID5747700,1.505149978,1
DB01175,1.505149978,1
CID66414,1.505149978,1
CID6918412,1.505149978,1
CID6918461,1.505149978,1
CID11533060,1.501059262,1
DB00334,1.498999364,1
CID91663278,1.495544338,1
DB00540,1.491361694,1
CID23561093,1.491361694,1
CID5353833,1.491361694,1
CID54676478,1.491361694,1
DB04944,1.491361694,1
DB00481,1.480725379,1
DB00603,1.478566496,1
DB00477,1.477121255,1
DB01403,1.477121255,1
DB01429,1.477121255,1
DB00322,1.477121255,1
DB01395,1.477121255,1
DB01590,1.477121255,1
DB08881,1.477121255,1
DB09009,1.477121255,1
DB00554,1.477121255,1
DB01483,1.477121255,1
CID36687779,1.477121255,1
CID24901704,1.477121255,1
CID489181,1.475671188,1
CID148201,1.474216264,1
DB00555,1.469822016,1
DB00875,1.462397998,1
CID72022,1.462397998,1
CID5288674,1.462397998,1
CID400772,1.451786436,1
CID44603530,1.451786436,1
DB00995,1.447158031,1
DB00418,1.447158031,1
DB08896,1.447158031,1
DB04840,1.447158031,1
DB00282,1.447158031,1
CID9962579,1.447158031,1
DB00304,1.444044796,1
DB00502,1.439332694,1
DB00333,1.431363764,1
DB00967,1.431363764,1
DB01186,1.431363764,1
CID68741,1.431363764,1
DB00659,1.423245874,1
CID23727689,1.423245874,1
DB01595,1.414973348,1
DB01242,1.414973348,1
DB01324,1.414973348,1
DB04938,1.414973348,1
DB01628,1.414973348,1
DB00361,1.414973348,1
DB00997,1.414973348,1
CID65394,1.414973348,1
CID5330286,1.413299764,1
DB00478,1.40654018,1
DB06684,1.404833717,1
DB00835,1.397940009,1
DB01544,1.397940009,1
DB00398,1.397940009,1
DB00294,1.397940009,1
DB01178,1.397940009,1
DB00570,1.394451681,1
CID16678941,1.389166084,1
CID11548630,1.387389826,1
CID121249,1.383815366,1
DB00810,1.380211242,0
DB01406,1.380211242,0
DB00925,1.380211242,0
DB06718,1.380211242,0
DB01349,1.380211242,0
DB08901,1.380211242,0
DB06216,1.380211242,0
DB00511,1.380211242,0
DB01146,1.380211242,0
DB01258,1.380211242,0
DB01351,1.380211242,0
DB01352,1.380211242,0
DB00998,1.380211242,0
DB00990,1.380211242,0
DB01110,1.380211242,0
DB01259,1.380211242,0
DB01273,1.380211242,0
DB00637,1.380211242,0
DB04857,1.380211242,0
CID3755,1.380211242,0
CID10074640,1.380211242,0
DB01121,1.371067862,0
CID6852404,1.371067862,0
DB00191,1.371067862,0
DB04849,1.371067862,0
DB05262,1.367355921,0
DB00726,1.361727836,0
DB00461,1.361727836,0
DB01104,1.361727836,0
DB00679,1.361727836,0
DB01267,1.361727836,0
DB01068,1.361727836,0
CID71301379,1.356025857,0
DB00541,1.354108439,0
DB00557,1.352182518,0
DB04882,1.352182518,0
DB06616,1.352182518,0
DB00250,1.350248018,0
CID44473151,1.348304863,0
CID21923343,1.344392274,0
DB00972,1.342422681,0
DB01151,1.342422681,0
DB00312,1.342422681,0
DB00973,1.342422681,0
CID64924,1.342422681,0
CID188720,1.342422681,0
CID25271791,1.342422681,0
CID159594,1.342422681,0
CID11485656,1.334453751,0
CID58345847,1.33243846,0
CID53394037,1.330413773,0
DB00283,1.328379603,0
CID24771867,1.328379603,0
DB00321,1.322219295,0
DB00594,1.322219295,0
DB00273,1.322219295,0
DB00949,1.322219295,0
DB08604,1.322219295,0
DB06203,1.322219295,0
DB01558,1.322219295,0
DB00189,1.322219295,0
DB01167,1.322219295,0
CID11364421,1.318063335,0
CID90479728,1.311753861,0
CID24848401,1.303196057,0
CID25167017,1.303196057,0
DB01073,1.301029996,0
DB00524,1.301029996,0
DB01208,1.301029996,0
DB01114,1.301029996,0
DB01196,1.301029996,0
DB01039,1.301029996,0
DB01131,1.301029996,0
DB00209,1.301029996,0
DB01176,1.301029996,0
DB01624,1.301029996,0
DB01210,1.301029996,0
DB09016,1.301029996,0
DB06150,1.301029996,0
DB06614,1.301029996,0
DB00829,1.301029996,0
DB00966,1.301029996,0
DB00523,1.301029996,0
DB01263,1.301029996,0
CID78422551,1.301029996,0
DB04886,1.301029996,0
DB05131,1.301029996,0
CID5281751,1.301029996,0
CID66965363,1.301029996,0
CID71587973,1.301029996,0
CID9917021,1.294466226,0
CID6437872,1.28780173,0
CID10368812,1.285557309,0
DB01236,1.278753601,0
DB00655,1.278753601,0
DB00569,1.278753601,0
DB05266,1.278753601,0
DB00153,1.278753601,0
CID65954,1.278753601,0
CID25166913,1.276461804,0
CID86278352,1.271841607,0
DB06274,1.267171728,0
DB00694,1.267171728,0
DB06705,1.267171728,0
DB01433,1.267171728,0
CID216468,1.260071388,0
DB01142,1.255272505,0
DB00195,1.255272505,0
DB00814,1.255272505,0
DB00636,1.255272505,0
DB00808,1.255272505,0
DB00431,1.255272505,0
DB00617,1.255272505,0
DB08906,1.255272505,0
DB04946,1.255272505,0
DB08815,1.255272505,0
DB00619,1.255272505,0
DB00647,1.255272505,0
DB00349,1.255272505,0
DB00564,1.255272505,0
DB00188,1.255272505,0
DB06287,1.255272505,0
DB00834,1.255272505,0
DB00799,1.255272505,0
DB01459,1.255272505,0
CID443324,1.255272505,0
CID10161381,1.255272505,0
CID6918454,1.255272505,0
CID54697325,1.255272505,0
CID134771,1.252853031,0
CID2736461,1.252853031,0
DB01365,1.243038049,0
DB00176,1.243038049,0
DB00820,1.243038049,0
DB00583,1.240549248,0
DB00210,1.235528447,0
DB01656,1.230448921,0
DB01581,1.230448921,0
DB01215,1.230448921,0
DB00715,1.230448921,0
DB01157,1.230448921,0
DB04845,1.230448921,0
DB00533,1.230448921,0
DB07402,1.230448921,0
CID854019,1.230448921,0
CID10437018,1.230448921,0
CID44814423,1.227886705,0
DB01024,1.220108088,0
DB01173,1.217483944,0
DB06210,1.217483944,0
DB00699,1.217483944,0
CID179344,1.217483944,0
DB01579,1.217483944,0
DB00514,1.216165902,0
DB00370,1.212187604,0
CID124093,1.212187604,0
DB00623,1.208172527,0
DB00915,1.204119983,0
DB00458,1.204119983,0
DB09020,1.204119983,0
DB00957,1.204119983,0
DB00347,1.204119983,0
DB06813,1.204119983,0
DB08932,1.204119983,0
DB04855,1.204119983,0
DB00444,1.204119983,0
DB00830,1.204119983,0
DB00865,1.204119983,0
DB01463,1.204119983,0
DB00254,1.204119983,0
DB00242,1.204119983,0
DB01141,1.204119983,0
DB01017,1.204119983,0
DB00772,1.204119983,0
DB04835,1.204119983,0
DB03575,1.204119983,0
DB00197,1.204119983,0
CID5311217,1.204119983,0
CID10366136,1.204119983,0
CID11349170,1.204119983,0
CID10341154,1.204119983,0
CID9915743,1.198657087,0
CID9867642,1.193124598,0
DB01195,1.190331698,0
CID25271836,1.190331698,0
DB00218,1.187520721,0
DB01177,1.181843588,0
DB00252,1.176091259,0
DB00400,1.176091259,0
DB00831,1.176091259,0
DB00231,1.176091259,0
DB00748,1.176091259,0
DB01623,1.176091259,0
DB01264,1.176091259,0
DB01092,1.176091259,0
DB00547,1.176091259,0
DB00871,1.176091259,0
DB01018,1.176091259,0
DB04868,1.176091259,0
DB00365,1.176091259,0
CID104842,1.176091259,0
CID11955855,1.173186268,0
CID49784945,1.167317335,0
CID11483754,1.164352856,0
CID40466889,1.161368002,0
CID11234052,1.161368002,0
DB01069,1.146128036,0
DB08979,1.146128036,0
DB00186,1.146128036,0
DB01076,1.146128036,0
DB00950,1.146128036,0
DB00788,1.146128036,0
DB00703,1.146128036,0
DB00931,1.146128036,0
DB08930,1.146128036,0
DB00371,1.146128036,0
DB00801,1.146128036,0
DB01023,1.146128036,0
DB00313,1.146128036,0
DB01029,1.146128036,0
DB00710,1.146128036,0
CID159302,1.146128036,0
DB00574,1.146128036,0
CID45380979,1.146128036,0
DB06292,1.139879086,0
CID9827497,1.136720567,0
DB01248,1.133538908,0
DB01056,1.130333768,0
DB06148,1.130333768,0
CID74603603,1.130333768,0
DB00854,1.130333768,0
CID25154713,1.127104798,0
DB06207,1.123851641,0
DB00738,1.120573931,0
DB06704,1.120573931,0
DB08824,1.120573931,0
DB08907,1.117271296,0
DB08836,1.117271296,0
CID25254071,1.117271296,0
DB00794,1.113943352,0
DB06218,1.113943352,0
DB06695,1.113943352,0
DB00819,1.113943352,0
DB01081,1.113943352,0
DB00673,1.113943352,0
DB00911,1.113943352,0
DB00275,1.113943352,0
DB00720,1.113943352,0
CID4327751,1.113943352,0
DB01388,1.113943352,0
CID6999105,1.113943352,0
CID25023695,1.113943352,0
CID5277135,1.11058971,0
CID5494449,1.11058971,0
DB00745,1.105510185,0
CID11338033,1.103803721,0
DB00357,1.096910013,0
DB00562,1.096910013,0
DB00914,1.096910013,0
DB04883,1.096910013,0
CID11949646,1.093421685,0
CID65906,1.086359831,0
CID11234049,1.086359831,0
CID24785538,1.08278537,0
DB00363,1.079181246,0
DB00976,1.079181246,0
DB01435,1.079181246,0
DB00387,1.079181246,0
DB00618,1.079181246,0
DB00476,1.079181246,0
DB00492,1.079181246,0
DB08860,1.079181246,0
DB00432,1.079181246,0
DB01166,1.079181246,0
DB09019,1.079181246,0
DB08820,1.079181246,0
DB08936,1.079181246,0
DB06212,1.079181246,0
DB06663,1.079181246,0
DB00920,1.079181246,0
CID11304743,1.079181246,0
DB01608,1.079181246,0
DB06290,1.079181246,0
DB00575,1.079181246,0
DB00404,1.079181246,0
DB01261,1.079181246,0
DB00864,1.079181246,0
DB00722,1.079181246,0
DB00740,1.079181246,0
DB00050,1.079181246,0
DB06288,1.079181246,0
DB01014,1.079181246,0
DB00751,1.079181246,0
DB01609,1.079181246,0
DB00778,1.079181246,0
DB01928,1.079181246,0
DB01230,1.079181246,0
DB06193,1.079181246,0
DB01708,1.079181246,0
CID3822,1.079181246,0
CID5838,1.079181246,0
CID25022378,1.079181246,0
DB01577,1.079181246,0
CID23725625,1.075546961,0
DB08874,1.068185862,0
DB00413,1.064457989,0
DB00579,1.06069784,0
DB01297,1.06069784,0
CID55645,1.06069784,0
CID114709,1.06069784,0
CID936,1.06069784,0
CID455041,1.056904851,0
CID176166,1.056904851,0
DB06700,1.045322979,0
DB00482,1.045322979,0
DB00487,1.041392685,0
DB00401,1.041392685,0
CID68770,1.041392685,0
DB00670,1.041392685,0
DB06717,1.041392685,0
DB08822,1.041392685,0
DB04871,1.041392685,0
CID11519069,1.041392685,0
DB00399,1.041392685,0
DB01156,1.041392685,0
DB01437,1.041392685,0
DB01107,1.041392685,0
DB04948,1.041392685,0
DB00685,1.041392685,0
DB01079,1.041392685,0
DB00580,1.041392685,0
CID198526,1.041392685,0
CID68861,1.041392685,0
CID55886,1.041392685,0
CID7181,1.041392685,0
CID57515973,1.041392685,0
CID11282283,1.041392685,0
CID9795739,1.041392685,0
CID146217,1.037426498,0
CID11152667,1.037426498,0
DB00836,1.033423755,0
DB00762,1.033423755,0
DB00091,1.029383778,0
DB00759,1.025305865,0
DB00379,1.025305865,0
DB00520,1.021189299,0
CID11369918,1.021189299,0
CID50894,1.021189299,0
CID10127622,1.021189299,0
DB01181,1.017033339,0
DB01120,1.017033339,0
DB00208,1.010723865,0
CID10126019,1.008600172,0
DB01015,1.004321374,0
DB00975,1,0
DB00440,1,0
DB01219,1,0
DB00595,1,0
DB00861,1,0
DB00612,1,0
DB06730,1,0
DB00590,1,0
CID5281884,1,0
DB00518,1,0
DB00426,1,0
DB00226,1,0
DB00260,1,0
DB00891,1,0
DB00634,1,0
DB01239,1,0
DB00366,1,0
DB00256,1,0
DB09000,1,0
DB01182,1,0
DB01044,1,0
DB04861,1,0
DB00234,1,0
DB00549,1,0
DB00879,1,0
DB06268,1,0
DB01274,1,0
CID108051,1,0
CID5464097,1,0
CID6918975,1,0
CID57989740,1,0
CID45138674,1,0
CID25227436,1,0
CID294641,0.995635195,0
DB00531,0.989004616,0
DB00977,0.986771734,0
DB06267,0.986771734,0
CID44242317,0.982271233,0
CID121858,0.982271233,0
CID54708673,0.982271233,0
DB06742,0.977723605,0
DB00339,0.977723605,0
DB01418,0.977723605,0
DB01232,0.977723605,0
CID72495,0.977723605,0
CID85045053,0.977723605,0
CID9809715,0.977723605,0
DB05812,0.977723605,0
DB01431,0.975891136,0
DB00341,0.974050903,0
DB00850,0.973127854,0
CID62956,0.973127854,0
DB00367,0.973127854,0
CID44201352,0.973127854,0
CID11552706,0.973127854,0
DB00796,0.970811611,0
DB06751,0.968482949,0
CID67091,0.968482949,0
DB00660,0.963787827,0
DB01203,0.963787827,0
DB01185,0.963787827,0
DB00709,0.959518377,0
CID11226413,0.959041392,0
DB00277,0.954242509,0
DB00433,0.954242509,0
DB01162,0.954242509,0
DB00217,0.954242509,0
DB00320,0.954242509,0
DB01594,0.954242509,0
DB06817,0.954242509,0
DB00777,0.954242509,0
DB00621,0.954242509,0
DB01563,0.954242509,0
DB04892,0.954242509,0
DB01892,0.954242509,0
CID34055,0.954242509,0
CID4977,0.954242509,0
CID6918493,0.954242509,0
CID11256560,0.954242509,0
CID11315474,0.954242509,0
CID73755261,0.954242509,0
CID46898058,0.954242509,0
CID9931891,0.954242509,0
DB00701,0.949390007,0
DB01301,0.944482672,0
CID11496629,0.944482672,0
DB08910,0.934498451,0
CID3033742,0.934498451,0
CID3357,0.934498451,0
DB00717,0.92992956,0
DB00916,0.929418926,0
DB00985,0.929418926,0
DB00436,0.929418926,0
DB07828,0.929418926,0
DB01354,0.929418926,0
DB06623,0.929418926,0
CID44205240,0.929418926,0
DB01489,0.926856709,0
DB04832,0.924279286,0
CID4853,0.924279286,0
CID68575,0.924279286,0
CID57339460,0.924279286,0
DB00475,0.919078092,0
DB01054,0.913813852,0
CID11625818,0.913813852,0
CID56841862,0.913813852,0
CID123698,0.913813852,0
DB00773,0.908485019,0
CID91649,0.908485019,0
DB00270,0.903089987,0
CID5284594,0.903089987,0
DB00906,0.903089987,0
DB00455,0.903089987,0
DB00964,0.903089987,0
DB00543,0.903089987,0
DB00832,0.903089987,0
DB00954,0.903089987,0
DB01251,0.903089987,0
DB00395,0.903089987,0
DB00978,0.903089987,0
DB00662,0.903089987,0
DB00711,0.903089987,0
DB08912,0.903089987,0
DB08918,0.903089987,0
DB06201,0.903089987,0
DB06237,0.903089987,0
DB01412,0.903089987,0
DB00786,0.903089987,0
DB01108,0.903089987,0
DB00758,0.903089987,0
DB01454,0.903089987,0
DB08962,0.903089987,0
DB01405,0.903089987,0
CID1892,0.903089987,0
CID9331,0.903089987,0
DB01216,0.897627091,0
DB00420,0.897627091,0
CID46861623,0.897627091,0
CID16725726,0.897627091,0
DB00605,0.892094603,0
DB00499,0.892094603,0
DB01158,0.892094603,0
CID49773361,0.892094603,0
DB01319,0.886490725,0
CID155774,0.886490725,0
DB01535,0.886490725,0
DB00795,0.880813592,0
CID5489120,0.880813592,0
DB00204,0.875061263,0
DB01080,0.875061263,0
DB00551,0.875061263,0
DB00488,0.875061263,0
DB00498,0.875061263,0
DB00536,0.875061263,0
DB06702,0.875061263,0
DB04953,0.875061263,0
CID11504295,0.875061263,0
CID11561674,0.875061263,0
CID4626,0.875061263,0
CID9837243,0.875061263,0
DB00656,0.872156273,0
DB00286,0.86923172,0
DB06209,0.86923172,0
CID68654,0.86923172,0
CID10288191,0.86923172,0
DB01438,0.866287339,0
DB01212,0.86332286,0
DB00749,0.86332286,0
CID2747,0.86332286,0
DB00182,0.86332286,0
CID10407120,0.86332286,0
CID22405684,0.86332286,0
DB00563,0.857332496,0
DB01087,0.851258349,0
CID54737570,0.84509804,0
DB00308,0.84509804,0
DB00359,0.84509804,0
DB01184,0.84509804,0
DB06710,0.84509804,0
DB00391,0.84509804,0
DB00822,0.84509804,0
DB00839,0.84509804,0
DB00532,0.84509804,0
DB06771,0.84509804,0
DB08811,0.84509804,0
DB08816,0.84509804,0
DB06228,0.84509804,0
DB01200,0.84509804,0
DB01202,0.84509804,0
DB01072,0.84509804,0
DB01155,0.84509804,0
DB00243,0.84509804,0
DB00604,0.84509804,0
CID72402,0.84509804,0
CID4047,0.84509804,0
CID5343,0.84509804,0
CID6921821,0.84509804,0
CID31264,0.84509804,0
CID9819382,0.84509804,0
CID52918384,0.84509804,0
DB00251,0.838849091,0
CID56649450,0.838849091,0
DB00706,0.832508913,0
CID49831257,0.832508913,0
DB01041,0.828981954,0
DB06402,0.826074803,0
DB00842,0.826074803,0
DB00872,0.826074803,0
DB00360,0.826074803,0
CID6918249,0.826074803,0
CID9911744,0.826074803,0
CID73011,0.819543936,0
DB00263,0.819543936,0
CID42883,0.812913357,0
DB00419,0.812913357,0
CID23652731,0.812913357,0
CID134018,0.812913357,0
DB00996,0.812913357,0
CID26618,0.812913357,0
DB00136,0.812913357,0
DB00780,0.806179974,0
CID71417,0.806179974,0
CID23116322,0.806179974,0
DB00489,0.799340549,0
DB00222,0.799340549,0
DB00230,0.799340549,0
CID126565,0.799340549,0
DB00650,0.792391689,0
DB01138,0.792391689,0
DB00468,0.792391689,0
DB00851,0.792391689,0
DB00852,0.788875116,0
DB00335,0.785329835,0
DB01136,0.785329835,0
DB00598,0.77815125,0
DB00588,0.77815125,0
DB00280,0.77815125,0
DB01224,0.77815125,0
DB00816,0.77815125,0
DB00378,0.77815125,0
DB04865,0.77815125,0
DB00629,0.77815125,0
DB00521,0.77815125,0
DB00519,0.77815125,0
DB01051,0.77815125,0
DB00754,0.77815125,0
DB00746,0.77815125,0
DB00737,0.77815125,0
DB05271,0.77815125,0
DB00268,0.77815125,0
CID11667893,0.77815125,0
CID6438895,0.77815125,0
DB04879,0.77815125,0
CID11493192,0.77815125,0
DB04844,0.77815125,0
CID25022340,0.77815125,0
DB01032,0.770852012,0
DB01124,0.770852012,0
CID414,0.770852012,0
CID164089,0.770852012,0
CID323701,0.770852012,0
CID11224409,0.770852012,0
CID11749858,0.770852012,0
DB00764,0.763427994,0
DB00193,0.763427994,0
DB00300,0.763427994,0
CID16363,0.763427994,0
CID9794485,0.763427994,0
DB01036,0.759667845,0
DB01165,0.755874856,0
DB00552,0.755874856,0
CID102134,0.755874856,0
DB01627,0.748188027,0
CID656665,0.748188027,0
DB00512,0.748188027,0
DB06775,0.748188027,0
DB00443,0.748188027,0
DB00582,0.748188027,0
CID47607,0.748188027,0
DB08872,0.744292983,0
DB06151,0.740362689,0
DB00868,0.740362689,0
DB02703,0.740362689,0
DB00935,0.740362689,0
DB00938,0.740362689,0
DB08806,0.740362689,0
DB00848,0.740362689,0
DB00576,0.740362689,0
DB01145,0.740362689,0
DB00497,0.740362689,0
DB00460,0.740362689,0
DB00932,0.740362689,0
DB00409,0.740362689,0
CID24848248,0.740362689,0
DB00712,0.740362689,0
CID5329099,0.740362689,0
CID9808844,0.740362689,0
CID60063,0.73239376,0
CID148195,0.73239376,0
DB00465,0.72427587,0
DB00674,0.72427587,0
DB00389,0.72427587,0
DB01601,0.72427587,0
DB00910,0.72427587,0
CID88747,0.72427587,0
CID219100,0.72427587,0
CID3035714,0.72427587,0
DB00952,0.720159303,0
DB00471,0.716003344,0
DB00402,0.716003344,0
DB00613,0.716003344,0
DB01213,0.716003344,0
DB00289,0.716003344,0
DB00774,0.716003344,0
DB00956,0.716003344,0
DB00631,0.716003344,0
DB00397,0.716003344,0
DB06744,0.716003344,0
CID10655145,0.716003344,0
CID5287969,0.716003344,0
DB01336,0.707570176,0
DB00467,0.707570176,0
DB00633,0.698970004,0
CID31872,0.698970004,0
CID98526,0.698970004,0
DB00993,0.698970004,0
DB00336,0.698970004,0
DB00568,0.698970004,0
DB00314,0.698970004,0
DB00427,0.698970004,0
DB00500,0.698970004,0
DB00185,0.698970004,0
DB00700,0.698970004,0
DB00803,0.698970004,0
DB01246,0.698970004,0
DB01359,0.698970004,0
DB00937,0.698970004,0
DB00889,0.698970004,0
DB01233,0.698970004,0
DB01132,0.698970004,0
CID3636,0.698970004,0
CID156309,0.698970004,0
CID24821094,0.698970004,0
CID16659841,0.698970004,0
CID10172827,0.698970004,0
DB00285,0.694605199,0
DB01416,0.692846919,0
DB01020,0.69019608,0
DB00201,0.69019608,0
DB01355,0.69019608,0
CID13314,0.69019608,0
DB00513,0.69019608,0
CID71144,0.69019608,0
CID6426858,0.69019608,0
CID49836020,0.69019608,0
DB00686,0.681241237,0
DB09017,0.681241237,0
DB00611,0.681241237,0
DB00346,0.681241237,0
CID9828310,0.681241237,0
DB00798,0.672097858,0
DB00529,0.672097858,0
DB00276,0.672097858,0
CID31402,0.672097858,0
CID25681,0.672097858,0
DB00446,0.662757832,0
CID644022,0.662757832,0
DB00747,0.653212514,0
DB00862,0.653212514,0
CID10783,0.653212514,0
DB00885,0.653212514,0
DB00014,0.653212514,0
DB01328,0.653212514,0
DB06637,0.653212514,0
DB00601,0.653212514,0
DB04982,0.653212514,0
DB05016,0.653212514,0
CID9949848,0.653212514,0
DB00430,0.64738297,0
DB00343,0.643452676,0
DB08807,0.643452676,0
CID162321,0.643452676,0
CID475066,0.643452676,0
DB05521,0.638489257,0
CID33625,0.633468456,0
DB01082,0.633468456,0
DB01004,0.633468456,0
DB06626,0.633468456,0
CID176873,0.633468456,0
DB01419,0.62838893,0
CID2169,0.62838893,0
DB01099,0.62324929,0
CID6321412,0.62324929,0
DB00384,0.62324929,0
DB00350,0.62324929,0
DB00063,0.62324929,0
DB08842,0.62324929,0
CID54459,0.62324929,0
CID23635314,0.62324929,0
DB01109,0.618048097,0
DB00622,0.612783857,0
CID71424,0.612783857,0
DB00561,0.612783857,0
DB00559,0.612783857,0
CID178149,0.612783857,0
DB01610,0.610660163,0
CID3009,0.602059991,0
DB00661,0.602059991,0
DB00220,0.602059991,0
DB00408,0.602059991,0
DB06725,0.602059991,0
DB00837,0.602059991,0
DB06809,0.602059991,0
DB06204,0.602059991,0
DB01382,0.602059991,0
DB06714,0.602059991,0
DB01016,0.602059991,0
DB01559,0.602059991,0
DB01231,0.602059991,0
DB01551,0.602059991,0
DB00537,0.602059991,0
DB00216,0.602059991,0
DB00177,0.602059991,0
DB00503,0.602059991,0
DB01283,0.602059991,0
DB01254,0.602059991,0
DB04898,0.602059991,0
DB01514,0.602059991,0
DB05010,0.602059991,0
DB00382,0.602059991,0
DB00311,0.602059991,0
DB08986,0.602059991,0
CID74441114,0.602059991,0
CID7048556,0.602059991,0
CID11606145,0.602059991,0
CID9818279,0.602059991,0
DB00571,0.591064607,0
CID15386,0.591064607,0
CID46940575,0.591064607,0
DB00214,0.579783597,0
DB00109,0.579783597,0
DB00303,0.579783597,0
DB06743,0.579783597,0
CID58505,0.579783597,0
CID151174,0.579783597,0
CID71749336,0.579783597,0
DB01035,0.574031268,0
DB00181,0.574031268,0
DB00376,0.568201724,0
DB00813,0.568201724,0
CID219101,0.568201724,0
DB00422,0.557507202,0
DB00635,0.556302501,0
CID5311001,0.556302501,0
DB01330,0.556302501,0
DB00968,0.556302501,0
DB00496,0.556302501,0
DB00765,0.550228353,0
DB00904,0.544068044,0
DB00292,0.544068044,0
DB01193,0.544068044,0
CID5639,0.544068044,0
DB00424,0.544068044,0
DB01045,0.544068044,0
DB00687,0.544068044,0
DB01059,0.544068044,0
DB01084,0.544068044,0
DB01049,0.544068044,0
CID25151504,0.544068044,0
DB00412,0.544068044,0
DB01025,0.544068044,0
DB00528,0.544068044,0
DB00642,0.544068044,0
DB00507,0.544068044,0
DB00818,0.544068044,0
DB00342,0.544068044,0
DB01491,0.544068044,0
CID51382576,0.544068044,0
DB05100,0.544068044,0
DB01067,0.531478917,0
DB01005,0.531478917,0
DB08873,0.531478917,0
DB00918,0.531478917,0
CID3307,0.531478917,0
CID3008897,0.531478917,0
DB00353,0.530199698,0
DB04970,0.525044807,0
DB01211,0.51851394,0
DB00716,0.51851394,0
DB01026,0.51851394,0
CID37170,0.51851394,0
CID73164009,0.51851394,0
CID25262792,0.51851394,0
DB00705,0.511883361,0
DB04743,0.511883361,0
DB00955,0.505149978,0
DB00454,0.505149978,0
DB00264,0.505149978,0
DB00203,0.505149978,0
DB00734,0.505149978,0
CID73581,0.505149978,0
CID11646777,0.505149978,0
CID132999,0.505149978,0
CID6433090,0.505149978,0
DB00330,0.491361694,0
DB00290,0.491361694,0
DB00246,0.491361694,0
DB01529,0.491361694,0
CID64749,0.491361694,0
CID46926350,0.491361694,0
CID6433095,0.491361694,0
DB00545,0.477121255,0
DB00923,0.477121255,0
DB00035,0.477121255,0
DB00671,0.477121255,0
DB06696,0.477121255,0
DB00768,0.477121255,0
DB08792,0.477121255,0
DB00573,0.477121255,0
DB00178,0.477121255,0
DB01367,0.477121255,0
DB01214,0.477121255,0
DB00666,0.477121255,0
DB00332,0.477121255,0
DB06779,0.477121255,0
DB08808,0.477121255,0
DB08895,0.477121255,0
DB00480,0.477121255,0
DB01077,0.477121255,0
CID53234134,0.477121255,0
DB00599,0.477121255,0
DB01229,0.477121255,0
DB00374,0.477121255,0
DB01436,0.477121255,0
DB00148,0.477121255,0
DB04829,0.477121255,0
CID36920,0.477121255,0
CID42613186,0.477121255,0
DB01190,0.462397998,0
DB04570,0.462397998,0
DB06698,0.462397998,0
DB09018,0.462397998,0
DB00318,0.462397998,0
DB00897,0.462397998,0
DB00577,0.462397998,0
CID29919046,0.462397998,0
CID24756910,0.462397998,0
DB01221,0.447158031,0
DB01222,0.447158031,0
DB01425,0.447158031,0
DB00927,0.447158031,0
DB08877,0.447158031,0
DB00856,0.439332694,0
DB01179,0.439332694,0
DB00315,0.439332694,0
DB04821,0.439332694,0
CID25271832,0.439332694,0
DB00284,0.431363764,0
DB00708,0.431363764,0
CID107917,0.431363764,0
CID10029385,0.431363764,0
DB00388,0.418301291,0
DB00867,0.414973348,0
CID3736,0.414973348,0
DB00963,0.414973348,0
DB01408,0.414973348,0
DB00987,0.414973348,0
DB01228,0.414973348,0
CID3001322,0.414973348,0
CID6505803,0.414973348,0
CID56841569,0.414973348,0
DB01008,0.40654018,0
CID443955,0.404833717,0
DB00457,0.397940009,0
DB00652,0.397940009,0
CID33042,0.397940009,0
DB00641,0.397940009,0
DB00999,0.397940009,0
DB04890,0.397940009,0
DB04552,0.397940009,0
DB00434,0.397940009,0
DB01415,0.397940009,0
DB00994,0.397940009,0
DB08987,0.397940009,0
DB00609,0.397940009,0
DB01111,0.397940009,0
DB01237,0.397940009,0
DB06335,0.397940009,0
DB00483,0.397940009,0
CID9835049,0.397940009,0
DB06800,0.397940009,0
DB01031,0.397940009,0
DB06262,0.397940009,0
DB00227,0.397940009,0
DB00323,0.397940009,0
DB00866,0.397940009,0
DB00380,0.397940009,0
DB01424,0.397940009,0
DB04869,0.397940009,0
CID53456228,0.397940009,0
CID37910,0.397940009,0
CID666418,0.397940009,0
CID6919028,0.397940009,0
CID68870,0.397940009,0
CID3466844,0.397940009,0
CID24785956,0.397940009,0
CID71306413,0.397940009,0
DB00697,0.380211242,0
DB00763,0.380211242,0
CID3021,0.380211242,0
CID6436,0.380211242,0
CID36119,0.380211242,0
DB00787,0.380211242,0
DB00841,0.380211242,0
DB00328,0.380211242,0
DB01030,0.380211242,0
DB00494,0.380211242,0
DB00297,0.380211242,0
DB00490,0.380211242,0
CID107924,0.380211242,0
CID3268,0.380211242,0
DB00327,0.380211242,0
CID18595497,0.380211242,0
CID9808022,0.380211242,0
DB00752,0.371067862,0
DB00921,0.367355921,0
DB01337,0.361727836,0
DB00953,0.361727836,0
DB00959,0.361727836,0
DB00491,0.361727836,0
DB00302,0.361727836,0
DB06738,0.361727836,0
DB00479,0.361727836,0
DB00369,0.361727836,0
DB00744,0.361727836,0
DB00690,0.361727836,0
CID107994,0.361727836,0
DB08951,0.361727836,0
CID151573,0.361727836,0
CID5281888,0.361727836,0
DB00678,0.352182518,0
DB00805,0.352182518,0
DB04951,0.352182518,0
DB01327,0.342422681,0
CID4810,0.342422681,0
DB00960,0.342422681,0
DB00373,0.342422681,0
DB00296,0.342422681,0
DB00860,0.342422681,0
DB01209,0.342422681,0
DB06697,0.342422681,0
DB00683,0.342422681,0
DB00684,0.342422681,0
DB08985,0.342422681,0
CID6433092,0.342422681,0
CID213043,0.342422681,0
DB04834,0.33243846,0
DB00437,0.322219295,0
DB01413,0.322219295,0
DB00696,0.322219295,0
DB00299,0.322219295,0
DB00870,0.322219295,0
DB01172,0.322219295,0
DB01009,0.322219295,0
DB00863,0.322219295,0
DB00546,0.322219295,0
CID65492,0.322219295,0
CID5487888,0.322219295,0
DB01249,0.322219295,0
DB00450,0.322219295,0
DB00876,0.322219295,0
CID71453,0.322219295,0
CID214356,0.322219295,0
CID26709,0.322219295,0
CID3767,0.322219295,0
CID23663419,0.322219295,0
DB04572,0.318063335,0
DB00695,0.301029996,0
DB01199,0.301029996,0
DB01197,0.301029996,0
DB00184,0.301029996,0
DB00961,0.301029996,0
DB01427,0.301029996,0
DB00501,0.301029996,0
DB01001,0.301029996,0
DB00316,0.301029996,0
DB00844,0.301029996,0
DB00190,0.301029996,0
DB00776,0.301029996,0
DB00958,0.301029996,0
DB01291,0.301029996,0
DB00784,0.301029996,0
DB00553,0.301029996,0
DB00257,0.301029996,0
DB00589,0.301029996,0
DB01605,0.301029996,0
DB01600,0.301029996,0
DB01021,0.301029996,0
DB00484,0.301029996,0
DB00584,0.301029996,0
DB00680,0.301029996,0
DB01253,0.301029996,0
DB05246,0.301029996,0
DB00782,0.301029996,0
DB01022,0.301029996,0
DB01098,0.301029996,0
DB02546,0.301029996,0
DB01129,0.301029996,0
DB00486,0.301029996,0
DB00881,0.301029996,0
DB06594,0.301029996,0
DB05057,0.301029996,0
CID44267079,0.301029996,0
CID115305,0.301029996,0
CID3693,0.301029996,0
CID5092,0.301029996,0
DB01050,0.301029996,0
CID172984,0.301029996,0
DB00281,0.278753601,0
DB00425,0.278753601,0
DB01295,0.278753601,0
DB01058,0.278753601,0
DB01011,0.278753601,0
DB08826,0.278753601,0
DB00828,0.278753601,0
DB01338,0.278753601,0
DB00704,0.278753601,0
DB00295,0.278753601,0
DB01037,0.278753601,0
DB00307,0.278753601,0
DB00162,0.278753601,0
CID71459,0.278753601,0
DB01062,0.278753601,0
DB00581,0.267171728,0
DB06703,0.257678575,0
DB00180,0.257678575,0
DB00224,0.255272505,0
DB01010,0.255272505,0
DB01113,0.255272505,0
DB00750,0.255272505,0
DB00824,0.255272505,0
DB00919,0.255272505,0
DB01329,0.255272505,0
DB00271,0.255272505,0
DB01115,0.255272505,0
DB00198,0.255272505,0
DB00779,0.255272505,0
DB00804,0.255272505,0
DB00175,0.255272505,0
DB00980,0.255272505,0
DB00853,0.255272505,0
DB00104,0.255272505,0
DB00439,0.255272505,0
CID4823,0.255272505,0
CID88286,0.255272505,0
CID449381,0.255272505,0
CID115212,0.255272505,0
CID11198924,0.255272505,0
DB06255,0.250420002,0
DB01096,0.243038049,0
DB04599,0.243038049,0
DB04885,0.243038049,0
CID5284514,0.243038049,0
DB00331,0.240549248,0
DB00355,0.230448921,0
DB01060,0.230448921,0
DB01112,0.230448921,0
DB01334,0.230448921,0
CID65483,0.230448921,0
DB00651,0.230448921,0
CID4487900,0.230448921,0
DB00535,0.230448921,0
DB00669,0.230448921,0
DB00558,0.230448921,0
DB00538,0.230448921,0
DB01188,0.230448921,0
DB00783,0.230448921,0
CID108227,0.230448921,0
CID73128819,0.230448921,0
CID25262965,0.230448921,0
DB00597,0.2219356,0
DB00789,0.2219356,0
DB00742,0.2219356,0
DB00586,0.204119983,0
CID4098,0.204119983,0
CID34521,0.204119983,0
DB00728,0.204119983,0
DB00775,0.204119983,0
DB00693,0.204119983,0
DB00438,0.204119983,0
DB00199,0.204119983,0
DB01066,0.204119983,0
DB00474,0.204119983,0
DB00741,0.204119983,0
DB00802,0.204119983,0
DB00718,0.204119983,0
DB00969,0.204119983,0
DB05087,0.204119983,0
DB04889,0.204119983,0
CID183797,0.204119983,0
CID9576417,0.204119983,0
DB06590,0.204119983,0
CID448545,0.204119983,0
CID68791,0.204119983,0
CID9830010,0.204119983,0
DB01206,0.195068996,0
DB01171,0.176091259,0
DB00585,0.176091259,0
DB00274,0.176091259,0
DB01332,0.176091259,0
DB01362,0.176091259,0
DB01393,0.176091259,0
DB04794,0.176091259,0
DB01618,0.176091259,0
DB01411,0.176091259,0
DB01580,0.176091259,0
DB00392,0.176091259,0
DB00827,0.176091259,0
DB06811,0.176091259,0
DB00896,0.176091259,0
DB01587,0.176091259,0
CID3741,0.176091259,0
DB01342,0.176091259,0
DB01192,0.176091259,0
DB00989,0.176091259,0
DB00731,0.176091259,0
DB01083,0.176091259,0
DB00591,0.176091259,0
DB04876,0.176091259,0
DB00884,0.176091259,0
DB01560,0.176091259,0
CID71249,0.176091259,0
CID6436285,0.176091259,0
CID5773,0.176091259,0
CID65034,0.176091259,0
CID4041,0.176091259,0
CID119560,0.176091259,0
CID60794,0.176091259,0
CID1783,0.176091259,0
DB00620,0.166430114,0
DB01235,0.161368002,0
DB00421,0.146128036,0
DB01042,0.146128036,0
DB00291,0.146128036,0
DB00900,0.146128036,0
DB00301,0.146128036,0
DB01339,0.146128036,0
DB00415,0.146128036,0
DB06196,0.146128036,0
DB00649,0.146128036,0
DB00880,0.138302698,0
DB00352,0.124830149,0
DB00495,0.113943352,0
DB00943,0.113943352,0
DB01400,0.113943352,0
DB00550,0.113943352,0
DB00261,0.113943352,0
DB00414,0.113943352,0
DB00939,0.113943352,0
CID10220503,0.113943352,0
DB00393,0.113943352,0
DB01101,0.113943352,0
DB02925,0.113943352,0
DB00767,0.113943352,0
CID2528,0.113943352,0
CID23667529,0.113943352,0
DB01003,0.113943352,0
DB00225,0.112939976,0
DB01048,0.103803721,0
DB00733,0.099680641,0
DB00140,0.096910013,0
DB04931,0.096910013,0
DB00493,0.079181246,0
DB01061,0.079181246,0
DB01150,0.079181246,0
CID40073,0.079181246,0
DB00790,0.079181246,0
DB01414,0.079181246,0
DB00948,0.079181246,0
DB00730,0.079181246,0
DB00806,0.079181246,0
DB01149,0.079181246,0
CID39031,0.079181246,0
CID23662401,0.079181246,0
DB00423,0.075546961,0
DB01046,0.06069784,0
DB00643,0.049218023,0
DB01607,0.041392685,0
DB01183,0.041392685,0
DB00578,0.041392685,0
DB01163,0.041392685,0
CID130313,0.041392685,0
DB01140,0.041392685,0
CID71339,0.041392685,0
DB01241,0.041392685,0
DB01105,0.041392685,0
DB00922,0.041392685,0
CID6918638,0.041392685,0
CID6918562,0.041392685,0
DB00698,0,0
DB00441,0,0
DB00213,0,0
DB00743,0,0
DB00447,0,0
DB00691,0,0
DB01604,0,0
DB00859,0,0
DB01399,0,0
DB00267,0,0
DB00229,0,0
DB00874,0,0
DB00504,0,0
DB00356,0,0
CID73303,0,0
DB00630,0,0
DB01255,0,0
DB08908,0,0
DB00962,0,0
DB00760,0,0
DB04880,0,0
DB00130,0,0
DB08925,0,0
CID47528,0,0
CID53463256,0,0
CID25273596,0,0
CID11226,0,0
DB08889,0,0
CID6918429,0,0
DB01369,-0.013228266,0
DB00319,-0.017728767,0
DB01275,-0.017728767,0
CID72015,-0.017728767,0
DB00456,-0.022276395,0
DB01606,-0.022276395,0
DB08884,-0.031517051,0
DB03783,-0.036212173,0
DB00624,-0.037630664,0
CID4759,-0.040958608,0
DB00567,-0.045757491,0
DB01250,-0.045757491,0
DB00766,-0.045757491,0
DB01598,-0.045757491,0
DB01033,-0.045757491,0
DB00912,-0.045757491,0
DB00986,-0.045757491,0
DB00448,-0.045757491,0
CID119184,-0.045757491,0
DB01288,-0.060480747,0
DB01333,-0.070581074,0
DB08795,-0.070581074,0
DB00338,-0.070581074,0
DB00417,-0.075720714,0
DB01226,-0.080921908,0
DB01331,-0.091514981,0
DB06716,-0.091514981,0
DB00235,-0.096910013,0
DB01597,-0.096910013,0
DB00887,-0.096910013,0
DB01616,-0.096910013,0
DB00907,-0.096910013,0
DB04836,-0.096910013,0
CID23700775,-0.096910013,0
DB00233,-0.096910013,0
CID5329098,-0.096910013,0
CID5918,-0.096910013,0
DB01205,-0.107905397,0
DB04858,-0.107905397,0
CID148200,-0.107905397,0
DB02000,-0.113509275,0
DB01085,-0.119186408,0
DB01326,-0.124938737,0
DB00645,-0.124938737,0
DB00287,-0.124938737,0
DB00548,-0.124938737,0
DB00833,-0.124938737,0
DB01147,-0.124938737,0
DB01440,-0.124938737,0
DB00905,-0.124938737,0
DB04975,-0.133712661,0
DB01410,-0.148741651,0
DB01065,-0.149966742,0
DB00713,-0.15490196,0
DB01053,-0.15490196,0
DB00607,-0.15490196,0
DB00485,-0.15490196,0
DB00883,-0.15490196,0
DB00855,-0.15490196,0
DB01095,-0.15490196,0
DB00542,-0.15490196,0
CID65628,-0.15490196,0
DB00714,-0.167491087,0
DB00974,-0.175874166,0
DB01282,-0.175874166,0
DB08809,-0.187086643,0
DB05830,-0.187086643,0
DB01603,-0.193820026,0
DB05229,-0.204119983,0
DB00244,-0.214670165,0
DB01392,-0.22184875,0
CID71651,-0.229147988,0
DB01262,-0.236572006,0
DB01088,-0.244125144,0
DB00515,-0.27572413,0
DB01764,-0.283996656,0
DB00903,-0.301029996,0
DB00929,-0.301029996,0
DB08814,-0.301029996,0
DB01280,-0.301029996,0
DB04894,-0.301029996,0
DB00410,-0.301029996,0
CID256278,-0.301029996,0
DB00394,-0.301029996,0
CID16678086,-0.301029996,0
DB00305,-0.330683119,0
DB00627,-0.330683119,0
DB00006,-0.379863945,0
DB01064,-0.387216143,0
DB08934,-0.397940009,0
DB00278,-0.397940009,0
CID6918309,-0.397940009,0
DB00262,-0.431798276,0
DB08439,-0.435333936,0
CID29769,-0.443697499,0
DB00928,-0.443697499,0
CID18343,-0.455931956,0
DB00428,-0.477555766,0
CID439302,-0.48148606,0
DB00692,-0.498940738,0
DB00732,-0.508638306,0
DB04899,-0.522878745,0
DB08905,-0.522878745,0
DB05786,-0.522878745,0
DB04972,-0.522878745,0
DB00654,-0.548213564,0
DB00945,-0.602059991,0
DB01320,-0.602059991,0
DB04920,-0.602059991,0
DB00888,-0.602059991,0
CID702,-0.619788758,0
DB00526,-0.628932138,0
DB04817,-0.632644079,0
DB00899,-0.638272164,0
CID5464098,-0.657577319,0
DB00345,-0.698970004,0
CID6918404,-0.698970004,0
CID3081349,-0.698970004,0
DB00544,-0.744727495,0
DB01168,-0.777283529,0
DB00614,-0.777283529,0
DB00644,-0.777283529,0
DB00183,-0.777283529,0
DB00473,-0.777283529,0
DB04853,-0.777283529,0
DB00187,-0.823908741,0
DB01102,-0.876148359,0
DB01143,-0.876148359,0
DB00757,-0.886056648,0
DB00721,-0.89279003,0
DB00770,-0.903089987,0
DB01240,-1,0
CID6438141,-1,0
CID3082475,-1,0
DB00917,-1.080921908,0
DB00800,-1.080921908,0
CID19190,-1.187086643,0
DB05710,-1.283996656,0
DB01452,-1.301029996,0
DB08897,-1.397940009,0
DB00727,-1.397940009,0
DB00988,-1.48148606,0
DB00668,-1.48148606,0
DB00325,-1.48148606,0
CID369976,-1.48148606,0
DB00556,-1.494850022,0
DB00688,-1.522878745,0
DB01161,-2.22184875,0
DB00640,-2.522878745,0
DB00435,-3,0
